site_no,mse,bias,distribution,sequence,winter,spring,summer,fall,low,below_avg,above_avg,high
01038000,0.41254276222608416,0.002510153066840212,0.012692802004675666,0.3973735685880108,0.06615173406397697,0.07787236416064999,0.1354373056031912,0.13308135839826601,0.17625397996551953,0.10883539114713078,0.0719455056019894,0.05550788551144443
01054000,0.6665816714468086,0.0985329427185369,0.2919466739120988,0.2761488270457923,0.2545590157441623,0.23392908972224485,0.04838250316326131,0.12971106281714004,0.14909779763083725,0.14943358681976346,0.21306367830535675,0.154986608690851
01057000,0.4596593448533745,0.001990167791806952,0.028956896157728194,0.4287499646565822,0.05004685762115874,0.08539032869306767,0.1748346953211379,0.1493874632180102,0.22628858666273569,0.0954233955392326,0.07644993022731499,0.0614974324240913
01097000,0.37534586979365286,0.0695806282186936,0.033873052488085253,0.27191736531096417,0.04876805210665723,0.08942852198116576,0.08121426277567766,0.15593503293015223,0.15734396973310283,0.0820372542415124,0.05115101950302513,0.0848136263160125
01100505,2.717657034450558,0.0566930303201023,0.18512875985858335,2.4762839734462623,0.22062264090884467,1.0677485035031282,0.49937890686270586,0.9299069831758796,1.0462618287920908,0.5879029411807342,0.34048202371670416,0.7430102407610291
01104200,0.33611652569663175,0.08706018622014637,0.015416250184653793,0.2336605978836857,0.044511404695485215,0.027962214355703605,0.1656576762159378,0.09798523042950512,0.20965661725547938,0.06796157755018084,0.034393041872057474,0.024105289018914042
01124350,0.8288747544873333,0.005209119997726816,0.03347435748826164,0.7904029074315836,0.0895589175808773,0.10208912673427459,0.19878545132921024,0.4384412588429711,0.26046056532549455,0.2278099355824472,0.21640446005261113,0.12419979352678034
01125500,0.37295829865299635,0.01250637387026273,0.019147116643158556,0.34135124616131984,0.04802103472798755,0.05130258282011713,0.14984388218956118,0.12379079891533051,0.1759980180476114,0.0908308287034141,0.059671849984699626,0.046457601917271225
01153550,0.5193365942300935,0.007490938727995143,0.038287416412110475,0.4736045641561027,0.06756923757792571,0.12042772801380654,0.2379283825010992,0.09341124613726211,0.20717099605937123,0.102752347897741,0.08102252959330741,0.12839072067967394
01363382,0.40632772813854723,0.04076116643440069,0.03880324400360932,0.3268243879580889,0.05060616638076416,0.13577491263598404,0.09174324073803992,0.1282034083837591,0.09823713814065706,0.06861357836941132,0.08662961404189548,0.15284739758658333
01391500,0.1395896480150532,0.018821094634079917,0.007068845585715381,0.1137096516860262,0.03679896625187163,0.02276732256825366,0.04666775898157887,0.03335560021334904,0.04815899397676028,0.030606152422757674,0.026172775508423434,0.03465172610711182
01401650,3.035566951212707,1.9184192736583412,0.48565404077134505,0.6315856209474962,0.3614816731709503,0.48949259406456974,1.3073301673519606,0.8772625166252263,1.6010704364406576,0.7757587534106196,0.4385954636494328,0.2201422977119971
01421618,0.785231123446983,0.0019570008207761024,0.01599254679156063,0.767392978781969,0.12934370817321877,0.10297905177674284,0.280235935260889,0.2726724282361323,0.28266791757285104,0.19155929240149822,0.14078529866975745,0.17021861480287628
01443280,0.7663619608823872,0.1281054253230854,0.2613929862176398,0.37693525550226853,0.18183567076801638,0.06430607456186418,0.1624930211241184,0.35772719442838824,0.3921823765814974,0.22160865747588263,0.08628769327852188,0.06628323354648528
01467081,0.4257883361075716,0.07712334705961288,0.1605875674079124,0.18810613016117,0.06133837957156547,0.07029185107160411,0.16550885595794704,0.128649249506455,0.18645350812563363,0.08488591364343734,0.04207123749724777,0.11237767684125291
01473169,0.406620872515104,0.1807965468270763,0.05714006525616573,0.16870285444797467,0.08850026661220224,0.08049730146404542,0.0861852413774711,0.15143806306138524,0.14529178623433872,0.07681207001335442,0.057220944336699234,0.1272960719307116
01474000,0.35378210634111845,0.07936102540342106,0.042175697263583736,0.23226797906982688,0.08432499459309853,0.06776466338834694,0.08498246671022347,0.11670998164944947,0.053283489696876636,0.04409516334674081,0.04494414514567392,0.2114593081518271
01474500,0.2725012002854893,0.046383126806268965,0.03919672003599803,0.18693997164606124,0.051234622689732695,0.03726568083558011,0.11560064152400192,0.06840025523617456,0.10317094187268287,0.05130467524387857,0.032345044375411885,0.08568053879351596
01478650,1.7361870753672182,1.3126329821511058,0.11636992092737532,0.30723496424139496,0.16199201386714565,0.2703431060539797,0.7341256105513156,0.5697263448947771,0.8453189855546792,0.4776915984347701,0.28615584925003856,0.12702064212773004
01502500,0.23145924777065474,0.0013414900791764628,0.008253425235697448,0.2218870377106098,0.04441038841425334,0.037818040214394014,0.07047919917644833,0.07875161996555906,0.07739621250119079,0.05721968633822843,0.046771293961275544,0.05007205496995998
01543000,0.48423102984740607,0.0019678894029183966,0.009156995776747985,0.47314585344834437,0.059408412427331844,0.10554578301081265,0.17055770803732043,0.1487191263719411,0.15575736015441935,0.1083902500326873,0.1093913647578946,0.11069205490240479
01581830,0.3728356493887969,0.16902679714422486,0.09091066834292803,0.11293145881629614,0.033898583953155266,0.03069021771962887,0.15137473365849205,0.15687211405752066,0.23888593871720626,0.07672862088289083,0.02746004478434482,0.02976104500435497
01582500,0.22269273666373587,0.00013961593183157533,0.003112345412322784,0.21945909998987645,0.059836137088007314,0.03435025725848645,0.04836973671420311,0.08013660560303901,0.06419624964702096,0.038717152428956125,0.0560278137459116,0.0637515208418472
01589197,0.807158153750001,0.47791337866532224,0.16329629227220732,0.16599787446789954,0.11885047101145461,0.10281229799245674,0.32611614253402976,0.2593792422120599,0.3995522711879297,0.19357959999428928,0.10320780502286055,0.1108184775449215
01589440,0.373130044223207,0.0006386333936430674,0.027368430678626966,0.3451633673796944,0.08046557675745714,0.06132687312515395,0.09526061149127095,0.13607698284932496,0.09587728045054039,0.09809276915513654,0.07386423300834699,0.1052957616091831
01638500,0.20500567945686343,0.02238511178636959,0.01166225939795114,0.17097334495987662,0.040482322944711706,0.028703856624198908,0.10263207731433609,0.03318742257361673,0.055714597754678165,0.060651595872104676,0.034596719194229485,0.05404276663585111
01643590,0.819573118135658,0.023993546741367052,0.08758268075985019,0.7081387304581872,0.17114515330022154,0.14078695204775235,0.14787720728503942,0.3597638055026448,0.1560593775928663,0.26160280355528986,0.15088862238217632,0.2510223146053256
01644000,0.5910200502433635,0.012439608406580914,0.026852444208495547,0.5517756370224276,0.11962647172989196,0.08265610027487172,0.1837980256089479,0.20493945262965188,0.29224123262480567,0.14858915194414463,0.08673219766730257,0.06345746800711062
01645000,1.1141036835396798,0.7188652644169613,0.052513603159988605,0.34275735926607465,0.32055001201476097,0.2528899016359008,0.16914028881627105,0.371523481072747,0.22064069292164185,0.31213828467503746,0.3109677527692561,0.27035695317374453
01673550,0.5295281275926419,0.004665303733439616,0.02983824472716594,0.4950677955028769,0.08311693722189589,0.06427822388271213,0.22153741082661046,0.16059555566142342,0.24418093351816572,0.10005960835799141,0.08012307377823964,0.10516451193824512
02031000,0.8722151627191708,0.3198713323016475,0.08379336379025007,0.468595945740523,0.33489989886193616,0.17824367481789935,0.1612331520668767,0.19783843697245848,0.21866493486131294,0.23574204973092938,0.22655970727144925,0.19124847085547914
02086849,5.2376017433134265,3.1374975375838545,1.44478143355387,0.6556054241549392,0.977795260003225,1.4375593251378191,1.478698515604008,1.3435486425683745,1.885031833588919,1.697733266342029,1.0281703772997877,0.626666266082691
02087324,0.502897400881486,0.03468167521532797,0.03200183046834682,0.4362621151489613,0.12946897338548177,0.06963648405832469,0.16118001922453964,0.14261192421313995,0.11947578706962378,0.1257279649698433,0.11750497133802586,0.14018867750399314
02088500,0.8890684041273247,0.0038448989464465555,0.049031592751603924,0.8362648003259543,0.19275604432225715,0.1096580387278939,0.3173542190879936,0.26930010198918003,0.3637515640303789,0.2169359447120289,0.17902659779892796,0.12935429758598896
02093000,6.243193477655245,4.731563423974618,0.5556964737588446,0.9560738573952128,1.4968189040654631,0.863398358156068,1.6152522869943158,2.2677239284393975,1.777224579007401,1.7144889889581527,1.5041531535382056,1.247326756151485
02134480,1.5819469794851875,0.038642789128301776,0.4119523899088121,1.1314870119594072,0.15561460374146047,0.17014387783090998,0.8707649161275082,0.38542358178530883,1.1070103097454578,0.17460884445103053,0.16747866393596814,0.13284916135273125
0214269560,0.6361071562340094,0.21815708999836209,0.059333296169670445,0.3586648489876652,0.15887784093233995,0.21467185726675103,0.11254015709463794,0.15001730094028057,0.14998434644145764,0.11167817925807018,0.15867684975354343,0.21576778078093825
02145000,0.36741605168958474,0.20201449386496237,0.03512508954930571,0.13029034424493277,0.025538464301710632,0.027808195487704208,0.1849310617864,0.12913833011376982,0.21235299988179732,0.07251129924910801,0.0431068316447011,0.03944492091397826
02203000,1.767040819380889,0.09457560592713354,0.28572810690302697,1.3868748146786376,0.34575778409383046,0.21545612579384604,0.7798035239600387,0.4260233855331739,1.0529411425038135,0.34673415756985,0.25325650344607226,0.11410901586115338
02335450,0.8098981766692229,0.2767842668827539,0.024980203671931316,0.5081776018666815,0.2466247366017421,0.2663517247657679,0.1601992382474445,0.13672247705426835,0.45109379433200625,0.18517664035016346,0.10979777466913872,0.06382996731791443
02359000,1.2742929368355886,0.8279236124455858,0.18358799730063421,0.2628180804301995,0.3702211984928838,0.27299108234392705,0.23724150836786215,0.39383914763091565,0.47313781816860495,0.40148470225281857,0.24725690855754426,0.15241350785662086
02359500,10.769032888020535,9.054174186628622,1.4767572894061733,0.238261544463225,2.934599193051103,2.046760142333013,2.541134379329283,3.246539173307135,3.9857749448699407,3.4810333820170083,2.2199718462412643,1.0822527148923224
02374950,0.18033805788974933,0.0010709982635436933,0.013014124113612696,0.16628249314814553,0.04634056991338009,0.03686869108073489,0.05823768576303228,0.038891111132602095,0.055268476102945024,0.036973529113339246,0.03525065873278946,0.05284539394067564
02414715,0.4874830678934729,0.006299827971436461,0.020190203088688734,0.46103540943284765,0.08371439157784126,0.06146891510872094,0.15218931486647758,0.19011044634043306,0.16103091693989674,0.1399373761561561,0.11768961996534726,0.06882515483207281
02419000,0.6668090358725218,0.025652590145735146,0.11362027686011797,0.5275889606695281,0.12033020723282929,0.11621469763133266,0.23121967122741624,0.19904445978094365,0.27308069243817296,0.1898660950369646,0.10239908034781643,0.10146316804956786
02423414,1.59466781635824,0.197649699231765,0.06844877508193345,1.3288543896097582,0.4168097227160785,0.15006368097124156,0.4198014702858952,0.6079929423850245,1.0755573932863063,0.19770200628814782,0.23869805798869823,0.08271035879508769
02423496,4.37707969174257,2.8336547028867853,1.045248059024461,0.49832432979205876,0.39965962130836175,0.5840034655376463,1.788676689167816,1.6047399157287447,2.460987610558222,1.4548692617427759,0.38580408907769487,0.07541873036387632
02450000,1.357000049992543,0.022021511581460235,0.009035493238073402,1.3260572825971413,0.33334619978079166,0.22679291518539338,0.37820058444864074,0.4186603505777169,0.3989542119795573,0.3723831250793363,0.35708093153889364,0.22858178139475552
02472000,0.26547430078163814,0.0034114065547601147,0.013461800297392634,0.24862267354857515,0.09905463068461658,0.04084409043676572,0.07607078784310324,0.049504791817152574,0.04314880135299346,0.05325427063126094,0.06550434242078201,0.1035668863766017
02473460,1.1763479873723766,0.1982786190381115,0.07370500266076299,0.9044966265752374,0.39254125672760143,0.23856193950031865,0.19880860748007034,0.3464361836643858,0.24100312674471785,0.2983503435358018,0.26224795731033235,0.37474655978152427
03020000,0.6115936326670717,0.008880552383284583,0.011142889638021661,0.591678417092216,0.10135840990640915,0.10355680662680332,0.20821707016350122,0.19846134597035794,0.23907611298450393,0.130344609077374,0.11380074602273392,0.12837216458245973
03021350,0.6604228527352966,0.04026725351431749,0.08531341340924743,0.5348932484382628,0.08457176203150851,0.07664270067667629,0.3365187425704939,0.16268964745661782,0.33139097752586233,0.11825471760587299,0.08558144643642976,0.12519571116713146
03029500,0.31208955381469217,0.11031848640000078,0.03764199342030186,0.16414568750343972,0.04957470904158817,0.037329819896016504,0.16565463326604413,0.05953039161104336,0.14001197996307407,0.10040954427378847,0.04526267104434427,0.026405358533485388
03078000,0.5843202941881195,0.06439587067231538,0.08650830923155235,0.433458924035056,0.09657950697818732,0.1493818867994033,0.12831799207688072,0.2100409083336482,0.1286478112755897,0.15661703330446755,0.16980019740383648,0.12925525220422587
03140500,0.17186064626173447,0.014367918962187993,0.025172457022547043,0.13233325829673387,0.05566871058550648,0.03665465925551794,0.03281700445247996,0.0467202719682301,0.03140582878738686,0.03783215994633642,0.03600237250172955,0.06662028502628164
03150000,0.16264160978112469,0.008416673605064508,0.016962823393312097,0.1372795157319893,0.04782228290681156,0.029046285794554216,0.032809819063362444,0.052963222016396444,0.0387455656689388,0.04144757496814121,0.03234819779606498,0.05010027134797967
03192000,0.570399843537639,0.017979091525260175,0.014640485599325063,0.5378257518599053,0.057433821278564105,0.1010056423429387,0.19192023229987312,0.22004014761626306,0.2313041664710521,0.17975554454023354,0.1019145865117135,0.05742554601463984
03207965,0.511700318998224,0.01228512260799226,0.027349606534384646,0.4721195340334655,0.1299578686028028,0.07120590949758118,0.19536033305058376,0.11517620784725639,0.19846416838745595,0.09606569600478121,0.07894975276624144,0.13822070183974555
03272000,0.46503039490855086,0.0025784661368965173,0.02110643934984872,0.4413835701142276,0.11711953609880854,0.07041983938812396,0.09908704186661266,0.17840397755500575,0.17044961528202593,0.10884350104753365,0.09154561050970583,0.09419166806928544
03282500,1.8633074359484159,0.09749481627021117,0.03922018063842403,1.726759434748092,0.177937834027643,0.1476020268811703,0.6929232103266199,0.8448443647129832,1.0892378493451678,0.48704960189917035,0.17706483314832341,0.10995515155575496
03283500,0.8068333195997311,0.10240100661003163,0.059782973174267784,0.6447110509247607,0.07225456744029016,0.08725663234018895,0.33568039590841114,0.31164172391084094,0.40468102586473415,0.2229372058271686,0.08898958862238407,0.09022549928544435
03284500,1.882492394924313,0.6894386139145575,0.6227489035517688,0.5706019526026607,0.18078215321033453,0.1468658828688403,0.7750554677483628,0.7797888910967754,1.2761869459481414,0.3367270091261566,0.13043112713858782,0.13914731271142725
03285000,1.1560997319099455,0.02958849887751912,0.13499926646323065,0.9916047217139492,0.13634428716439048,0.13363405981785012,0.41037396809873583,0.47574741682896915,0.5370615734769506,0.2133396547488782,0.13518948209819848,0.27050902158591816
03289200,1.1701670004595501,0.6988594546255862,0.2061451803487379,0.2652293982751327,0.18865095432865517,0.1374843867353421,0.23009150484573218,0.6139401545498206,0.5339491424854446,0.23081090595231152,0.19245185101061268,0.21295510101118123
03303000,1.4753048330073817,0.8640384606544574,0.15131911259498793,0.45999759045965355,0.29135123337946944,0.30221317280790555,0.28025018036669597,0.6014902464533108,0.5632692465842002,0.37436376127988635,0.32622791820286345,0.21144390694043172
03310400,0.6512424096845048,0.12712676712567758,0.23530424866837749,0.2888945604475044,0.2653919361005987,0.22125900254538886,0.08050419724458967,0.08408727379392755,0.07260756998284706,0.031948621095810155,0.16439453491861983,0.3822916836872277
03320000,0.507193430394129,0.07654447114686573,0.011628241507093766,0.41905617669111617,0.07331834838072579,0.03713595218684816,0.0663155058484639,0.33042362397809116,0.08467154988939327,0.2159042100029449,0.12916341302371578,0.07745425747807504
03327500,0.6267368977537043,0.022493169854208423,0.05473375798270804,0.5495597223851205,0.12404023416774,0.09397356934304238,0.13895363123184806,0.2697694630110739,0.14575576446257554,0.11627719948673486,0.17305729974259132,0.19164663406180263
03334000,0.38090140795698085,0.0068356516032292754,0.032078499267982875,0.3420233847423607,0.13409713317584712,0.059503429835003556,0.06861867089060097,0.11868217405552924,0.10538382568116905,0.10445316867599105,0.08149741430091748,0.08956699929890326
03363000,0.21708739490130707,0.03751453167287265,0.005608449272208874,0.17399990967933854,0.062488538160424566,0.038533492876253045,0.02724995995213556,0.08881540391249394,0.0448818362021142,0.06367389153444475,0.05381995498447919,0.05471171218026897
03364200,1.1302009892147447,0.06499718684808876,0.04030018600123769,1.0251044087881078,0.24974314699568334,0.2033349612808172,0.24385944024869582,0.43326344068954836,0.30143988261172167,0.26802196975048553,0.275252052736009,0.2854870841165286
03368000,1.1981744855832595,0.065785327760314,0.05773140734408193,1.0747509896026035,0.29757455864793425,0.21268551048911194,0.419764252194979,0.26815016425123417,0.2541786519916335,0.3851524914106727,0.22297315645173224,0.3358701857292209
03371500,0.25688180528895466,0.02923749060019042,0.016413618669520312,0.21124943989035871,0.0783849280658743,0.04433987280414727,0.03328541676797919,0.1008715876509539,0.07335055804947956,0.0634399053356053,0.053586767800192656,0.06650457410367715
03431700,1.3395246954330546,0.3396576399512043,0.23741935492772262,0.7625374794044003,0.1604218235352424,0.09266208860790474,0.3135367914495591,0.7729039918403484,0.4719592088059073,0.37544968137661433,0.20432083012281335,0.28779497512771973
03512000,0.09888373773293806,0.0009571478859785024,0.006744167813751296,0.09119048515299806,0.02618680258325525,0.026382077018017595,0.021722371187690194,0.024592486943975006,0.027244659591206186,0.02052534259887984,0.019497930630614033,0.03161580491223799
03574500,0.5261811565492251,0.018641928720339117,0.03878343485293286,0.46879758294942625,0.06277710909803784,0.0588276765748654,0.2233155297260605,0.18126084115026145,0.19767093591359264,0.15722700328952496,0.0924178346969655,0.07886538264914207
03576250,0.28579334333822404,0.0030905143706148612,0.03212646254723703,0.2506111520520895,0.050132106718563225,0.03639009144719284,0.10650270964828727,0.09276843552418064,0.08493735230950776,0.06709882285865597,0.046772227373051804,0.08698494079700844
04025500,1.4727055491009473,0.9935014951501989,0.36674624541771633,0.11249756660603893,0.5971309237043868,0.2090608385147254,0.20521661421522233,0.461297172666613,0.4662713823463031,0.46555495693784243,0.364682589084214,0.17619662073258788
04046000,0.2147815346666503,0.004147816349036746,0.021913773023461886,0.18874586306433963,0.041255505680915044,0.05605269670631337,0.06184768087945064,0.05562565139997124,0.0665909406336057,0.054508172068374355,0.04313495685137974,0.0505474651132905
04060500,0.503992606753555,0.37122281110240607,0.04360374206700867,0.08919572944369558,0.16175118632167543,0.12032566744258832,0.07475807241399296,0.1471576805752982,0.10577396854067206,0.14219458571483043,0.14914797494792267,0.10687607755012977
04066800,0.14860335289407425,0.008760665297598983,0.013741281706886656,0.12612200734621745,0.06108196651702908,0.053650087697389846,0.016821754720364752,0.017049543959290585,0.01936557630121591,0.03681333808389133,0.05621345417332845,0.036210984335638574
04096515,1.110740086953806,0.38731422020672795,0.4305127548809054,0.29297267760242157,0.07164895969900838,0.050757016484909004,0.5497342816034678,0.43859982916642054,0.862747502952114,0.16284563073402972,0.03415240507540586,0.050994548192256246
04191500,1.3852046290208164,0.042731041098647414,0.5838565752424927,0.7587275498215391,0.3126695259664851,0.1991847282369868,0.43738119072151527,0.43596918409582935,0.6963441022942602,0.11410703305828472,0.11333042064521463,0.46142307302305685
0423205010,0.48171657223838277,0.12121808285953478,0.17297425480222145,0.18755391744936267,0.05334677056058158,0.03868167446246982,0.15197925339455398,0.23770887382077746,0.2472551278428154,0.09877209027152804,0.0630042661460879,0.07268508797795145
04240120,1.9670215420241066,1.5020978423125269,0.14228753966596658,0.32267444112422267,0.2765113489616528,0.46896598563873776,0.7520255705247567,0.4695186368989597,0.8934502441797211,0.5603374942711818,0.3731940744388604,0.14003972913434348
04252500,0.15621833254135598,0.0007030379705223201,0.0038743044190280244,0.15165379503402637,0.032989762877798395,0.02896466618833471,0.044621159067210696,0.04964274440801217,0.05069054693339196,0.03300394498840648,0.032421781848856836,0.04010205877070071
05059600,2.112951450283853,0.014028680674809496,0.17493529688147533,1.9242847284660767,0.0,1.0990494759048555,0.8566527090092712,0.1572492653697265,0.43523944744910575,0.2537934373454582,0.4099867848127953,1.0139317806764938
05116500,5.525248734013335,2.5604184539537247,0.7360388364593934,2.2290355630139724,0.7273862882348122,2.5556357460189796,1.13517267552385,1.1070540242356934,0.14643108073375008,0.5713742120969325,1.3294027769846402,3.4780406641980126
05294000,1.9119611527135603,0.9132281888002931,0.4901651535701128,0.5086603370213011,0.44303257735796436,0.7403096617967349,0.3915300553459043,0.3370888582129568,0.4007483105075316,0.323933746166546,0.5249344712301873,0.6623446248092953
05316500,1.1289140875255488,0.04803307081150157,0.4584581641050564,0.6225118506342451,0.24463443480279431,0.27757671720992816,0.3122077004763394,0.29449523503648695,0.31969327353720667,0.08233063044880604,0.21661945913443023,0.5102707244051058
05333500,1.5074232364594446,1.2919496444271434,0.08114446396352161,0.13434741954518287,0.48734641922698957,0.2495341441766102,0.2958216631545543,0.47472100990129046,0.36609357101147244,0.4226036783579912,0.4110733743918257,0.30765261269815536
053813595,0.49764292032921736,2.3344715589304394e-05,0.231696510254491,0.2660883325712306,0.07233730249865815,0.08768769828741388,0.15234943985267715,0.18526847969046822,0.19373101600067127,0.0419732297148577,0.053005092480659245,0.20893358213302918
05388250,0.46452249254599914,0.0455396015275884,0.0755403757361341,0.3434770136677042,0.16753306995865366,0.1400844412025932,0.0714793267167585,0.08542565466799373,0.11433709094404038,0.11963666962570386,0.1180954777694977,0.1124532542067572
05395000,0.7113558595739873,0.4671336760814982,0.08242826755118463,0.16181464787538702,0.32487646393122555,0.11330980998212814,0.09116749210930868,0.18200209355132502,0.1564021382914672,0.19600944629148873,0.20909259635623365,0.14985167863479779
05431486,0.3206341720205436,0.13536858459251613,0.004721120786803863,0.18055972111528112,0.0970041641199196,0.056780508577925846,0.054189205163102244,0.11266029415959591,0.03339986419026661,0.04941872572151652,0.07979640808348377,0.15801917402527674
05454220,1.739592914198891,0.5415219820350838,0.12272131412057524,1.075491267479525,0.5752793674005996,0.4020590781896094,0.3492811396913675,0.41297332891731464,0.25575199989536246,0.4210549306638803,0.5107508012023351,0.5520351824373133
05458900,0.4985190577578065,0.0012241027983395,0.018400129078310613,0.47893577235748075,0.12544203289086228,0.09912350571045758,0.11722518264132167,0.15672833651516502,0.20316140967257781,0.11225054407173778,0.09302532452800034,0.09008177948549058
05464000,0.3385047313991458,0.10616458473729283,0.005204004452914835,0.22715527272739533,0.08855569351828496,0.10431412631019259,0.06150960929068862,0.08412530227997966,0.04511224950295902,0.0721501433470013,0.11076420568530336,0.11047813286388215
05540250,0.20688414478090192,0.009656640878045358,0.06328252214715623,0.13396409665237635,0.06408025828553789,0.0643979791374601,0.04124620176489295,0.03715970559301098,0.04348948939933842,0.016230104619630183,0.02910946632582523,0.11805508443610807
05592050,1.6759413877656764,0.038817988823447926,0.08624193740537252,1.5510162596759207,0.3713221981513553,0.23068573736338865,0.5695977324346823,0.5043357198162499,0.6568582783557674,0.5276330760970592,0.2835909683770455,0.20785906493580408
05597000,0.5747826594312602,0.01268444117687942,0.027016725099401062,0.5351278517709182,0.21076284819823887,0.11946549840972871,0.11116389478930794,0.13339041803398466,0.17475102297410733,0.13212181306413623,0.11270003727483079,0.15520978611818584
06006000,1.5655764964269272,1.3972242833347355,0.01876221795448109,0.14963096671548942,0.0,0.45324708186287593,0.6084309288383063,0.503898485725745,0.5213663235179682,0.4193332883660334,0.31372477075860244,0.3111521137843231
06036905,0.19103335675227953,0.16203057583147804,0.00430566651975185,0.02470008265209058,0.038516138752681485,0.02090609681148072,0.06779066196478349,0.06382045922333383,0.06555250412887766,0.04985516141727711,0.0470942296432171,0.028531461562907662
06038500,0.10181204805665359,0.00016422923763155563,0.004315475163636869,0.09734071317525501,0.010606724826314938,0.038290956776189815,0.028440068074778786,0.024474298379370055,0.03984355345383966,0.009853397862275213,0.014318380978253348,0.037796715762285375
06101500,0.639369993130422,0.2516195519862433,0.05959566993237155,0.32818669796694466,0.03724383201403931,0.3090467684072202,0.2339545271744327,0.0591248655347298,0.20400654948136726,0.1673336419699568,0.15637990644498587,0.11164989523411212
06130500,10.995284421375732,7.5847493890466415,2.6973971637431853,0.713418686620678,2.4612482385679395,2.021465660495313,3.535584287580262,2.976986234732218,7.79472073057393,1.851097023816723,0.9743769135453454,0.3750897534397325
06195600,0.8842927344952229,0.4727714895467019,0.07052418194861425,0.3410309470052545,0.1521907600307675,0.09968274415158328,0.36566054165377126,0.2667586886591008,0.43878365938656194,0.2118519440280181,0.14487855158569055,0.08877857949495221
06208500,0.8385567245701547,0.3944140016020042,0.11280296584451645,0.3313799510352149,0.41756674908787433,0.2058986551375284,0.07308141731007022,0.1420099030346819,0.23264578699680874,0.3132763266683811,0.20611850976108712,0.08651610114387785
06326500,4.279013024235174,2.8055311949519552,0.8422165711678984,0.6313865822675884,0.6271467516026288,0.32758812947763066,1.932692395386279,1.3915857477686353,2.9206825338022364,0.7691578390189934,0.4141446954999865,0.17502795591395828
06332000,4.857233262406297,3.6998553325530197,0.14688419052261079,1.0116628079466796,0.8649078822185986,2.265831910255178,1.2718043196416726,0.45468915029084694,0.35240010517719034,0.5673756351075934,1.1422008271155983,2.7952566950059143
06357800,1.4311851955394612,0.05217900546318058,0.18034502713192815,1.1987747081226212,0.46389447276450885,0.5446819709227669,0.23161839281175378,0.19099035904043168,0.34006946690178413,0.19669771849136738,0.2665133291667146,0.627904680979595
06436000,17.16991343722422,14.824193517311288,1.8211800685966038,0.5247329941668795,4.244212084069506,4.103062747589201,4.337222337668623,4.485416267896892,6.958788012414659,5.3836501694145005,4.158069688966359,0.6694055664287027
06482020,1.1189548175384483,0.19633142535838038,0.06400667795198244,0.858692681572028,0.23319032262573336,0.5375677298315911,0.18010164814912402,0.16809511693199988,0.16594422993437521,0.21617480549636034,0.3134039910967325,0.4234317910109802
06605850,3.9974481085398055,2.863580898305299,0.12057499404100455,1.0133855770177296,1.107158249765333,1.8103510890626564,0.529678232946646,0.5502605367651703,0.29287754853373815,0.8319264373922505,1.3791073829664253,1.4935367396473918
06607200,1.3098129389663475,0.742407085270504,0.3598226479839657,0.20762992500818878,0.19296937693319222,0.45722256997810684,0.4694949337908656,0.1901260582641829,0.041407515109748716,0.14423951304692165,0.3429721630530542,0.781193747756623
06622700,0.28694969403300347,0.004312845411883141,0.011199153051137247,0.2714609674389515,0.012311545287330937,0.14266775958705313,0.08664586325223259,0.04532452590638676,0.05933187509039914,0.02434299318201078,0.04190432507558237,0.16137050068501113
06718550,2.1977089727740013,1.161785554968244,0.9148758687235317,0.12117503165886911,0.8617553566850427,0.3081963551099207,0.31885342220981433,0.7089038387692236,1.0729806373828854,0.6835397314246427,0.28178754068609935,0.15940106328037348
06797500,0.7142058781928898,0.01550366728571494,0.08407569250459856,0.6146840484322927,0.08497268386580135,0.15600012797837454,0.2933016753316042,0.17993139101710964,0.3154463442874888,0.10440696411936758,0.0963076666892334,0.19804490309679987
06804700,0.49062867180083247,0.21240905559554787,0.023910921146222886,0.2543376190237363,0.12770693675144054,0.18848404199374658,0.11976820999403205,0.05466948306161331,0.02796435432689241,0.06241424082625447,0.12412830478207545,0.27612177186561015
06817000,2.939278684424331,2.1323969607109423,0.29828390763287377,0.5086642534394037,0.5666372826703681,1.0669225197697763,0.8051381845628925,0.5005806974212941,0.1122632185141236,0.3768320595966284,0.8573759176485543,1.5928074886650248
06863000,14.542394225999486,11.19752391683231,0.5342602083817164,2.811347506056441,2.631290219710619,2.1463728963226174,4.248825009033858,5.515906100932392,5.498544290148361,4.906469637061804,3.0570530988651416,1.0803271999241797
06865500,1.9071973126868635,0.007542849893096538,0.13956817431340138,1.7602427030100318,0.4613553652814479,0.5874552952187619,0.46040095378807827,0.3979856983985754,0.6209368920630499,0.4798011524307708,0.4000651432907641,0.40639412490227866
06869950,2.049952968520986,0.005281878207900182,0.4003494689383357,1.64469893657872,0.3801501275015692,0.5373646602722236,0.5871999274184638,0.5452382533287291,0.6975967143018914,0.29387969392348423,0.29590662703093257,0.7625699332646775
06884200,1.4108668849932264,0.4041437962666599,0.1254384039006568,0.8813675768052203,0.38354523910726485,0.4531476840585992,0.3367916463619583,0.23738231546540423,0.18245745138573852,0.20985564344195873,0.3556651598615759,0.6628886303039535
06891500,7.923286352167228,5.4128454063244495,1.378674875195375,1.1319727763654637,2.142192855144741,1.2887681510083564,1.7271134601514047,2.765211885862725,3.9722507308503463,2.2987395432739155,1.4518125162043545,0.20048356183861035
06905500,1.266185704357332,0.1172294856318942,0.06737689539341314,1.0816739265612318,0.47295527313533886,0.19252154029976354,0.2756016275419352,0.3251072633802943,0.21621974499771268,0.3252033825304578,0.4277533641483582,0.2970092126808032
06915000,3.135619522072885,0.47850276992202484,0.3356717343574691,2.3216638005642554,0.8206583734404347,0.7116221686008288,1.0440236449481337,0.559315335083488,0.39471908115166715,0.29365116378824746,0.4117630736052011,2.0354862035277694
06915800,1.0949726367637906,0.015427025398697053,0.130558249463354,0.9490790119239286,0.31715123353622904,0.22720369771949608,0.2548011531931261,0.2958165523149394,0.20196101013981602,0.1856200318266914,0.27281746034390403,0.43457413445337917
06921720,2.5331133045762586,0.03168442110448315,1.0826413547010432,1.4195016106672413,0.6537463506075236,0.3612335920563893,0.47375642708467275,1.044376934827673,1.12338468402104,0.2875392543278121,0.3630453558977898,0.7591440103296165
06923950,1.3907556633996,0.41351995895991467,0.1476816302249218,0.8296808068959256,0.48155923059000916,0.23612739259505539,0.24190699530466547,0.43116204490987026,0.3526852347766097,0.4911575672362298,0.33431272126756173,0.21260014011919903
07013000,0.8669203806339656,0.4747000305838936,0.07290714557585834,0.31934549927454703,0.2227510820463272,0.2613015224679674,0.13756615861102398,0.24530161750864687,0.24729903666598393,0.17452446700341565,0.19799357388347363,0.24710330308109227
07105900,1.5619093085422084,0.5084650791255585,0.34737050677295866,0.7061604615674801,0.3822154739611036,0.3934936316240152,0.37738184618797904,0.4088183567691106,0.13853817370849528,0.29568757946298574,0.4327608462653015,0.694922709105426
07160350,1.748816627749978,1.2016602319403313,0.38697463572843904,0.16025353712381663,0.3819918428781471,0.353446192083834,0.480974959385199,0.532403633402798,0.866153820161015,0.4669030493293981,0.2642985920332944,0.15146116622627048
07191500,1.2951890875429328,0.06640957248373368,0.5930417722598096,0.6358389185519675,0.2534311515046618,0.23135594390909361,0.31299271296255715,0.4974092791666202,0.92898082625151,0.10860999397752608,0.12994014517295993,0.1276581221409368
07239300,4.001486945245015,1.3956413808290808,0.1599402506487268,2.44611987494995,0.5238074695885875,0.6743232617012748,1.4460187617175673,1.357337452237585,1.9889528256259508,0.9369284369873362,0.6425758905097602,0.43302979212196735
07239700,2.5705404692538174,0.9758266035077016,0.038786671522758984,1.556180283235537,0.312915853128082,0.40187768188873785,0.9405083476286191,0.9152385866083784,1.004398723243046,0.6562827614049394,0.5380299818638917,0.3718290027419405
07249400,1.395074985325894,0.07746091113363453,0.0576873860011872,1.260035196308851,0.3402842823408543,0.1943117102729431,0.45796356358705587,0.40251542912504057,0.6769247783162144,0.3247926672745914,0.21452330205664802,0.1788342376784399
07297910,4.951600299440713,1.6781740823361975,0.09819848279667878,3.1754972630206493,0.7274295776035148,0.789556549023041,1.935155119743591,1.499459053070566,2.7738424117094325,0.8964315940266876,0.6051431210201773,0.6761831726844156
07308200,3.716725271177143,0.48555733528068723,0.9181172310064111,2.3134076611357246,0.5806367664754015,0.7976664403245647,1.1301803599153626,1.2082417044618137,2.1574364411061677,0.7054490198286674,0.26592476414631344,0.5879150460959942
07329852,1.5941771653847965,0.6245236146107541,0.22056827745197183,0.7491826965663962,0.3767759369258093,0.7036941921554025,0.22778490141406885,0.2859221348895159,0.1210410487541888,0.1737695605806299,0.34431514228083854,0.9550514137691394
07335700,1.7200146854192246,0.011184909971421013,0.27800513227467283,1.430965345501286,0.3289715484108343,0.24512227365680886,0.6144346639268757,0.5314861994247057,0.6627595641601932,0.3808143696066102,0.3334890767190054,0.3429516749334157
07351500,11.844725274215481,6.801488752874413,5.043236521341067,0.0004281185501993079,5.147452429892226,4.028563666306393,1.35970138314535,1.3090077948715113,1.1764520519578994e-05,0.6726220824567983,2.784848823731897,8.387242603506266
08023400,1.6362717510154643,5.1305835029289886e-05,0.14009524197011228,1.4962763971158102,0.40525927994362493,0.2933144198050553,0.4710987729390752,0.46659927832770903,0.5513933365280371,0.38365239900633863,0.36047557989169854,0.3407504355893902
08048970,3.8217389948753415,1.509711632191458,0.8331536960425181,1.479105961161879,1.0338244332444917,1.6012765560909719,0.6946476972333593,0.49199030830651796,0.10973044535002544,0.45626658942384274,1.373447082282653,1.8822948778188195
08052745,19.4942600868938,17.312083548556433,1.253431598615844,0.9292326859303541,4.035269626106972,4.2146711568365065,6.088841402473661,5.155477901476657,2.3908969515706766,4.4053581594151705,6.399483686556468,6.2985212893514815
08065350,1.6800231490417712,0.9304421403063142,0.11079940209962087,0.6388829424488328,0.510580968733864,0.4382350985831648,0.3610048976485614,0.3702021840761811,0.396282737077418,0.29360806994963023,0.40232231253829703,0.587810029476426
08073700,3.729178173379128,2.7282588272760204,0.03820190424243715,0.9628464096929216,0.8972073699489218,0.9532688228271707,0.9558715114614768,0.9228304691415585,0.5609493763672773,0.6104550958777336,0.7076663089744094,1.8501073921597075
08106500,1.0501763712776948,0.00034172530256306317,0.2398576004248312,0.8100634872667252,0.21745034000108285,0.273304932987966,0.3189778638472165,0.2404432344414296,0.3330103554808203,0.19616748689893712,0.15452158328492152,0.36647694561301597
08129300,8.091459754026117,5.453900007999174,1.8642700224756201,0.7738916312980215,2.6988431294308812,2.229135075160662,1.1741081327689156,1.989373416665659,0.1810522479293134,1.7867274902305859,2.747893280563618,3.3757867353026003
08150000,3.117016094284363,2.2266183157581096,0.446818297174005,0.4436639513056235,0.8120975833593947,0.8652359097863729,0.7604707599701439,0.6792118411684519,1.0255323792462672,0.956173392793566,0.6255385869077965,0.5097717353367339
08158045,0.7121280067416789,0.009077411816489007,0.06393756374486072,0.6394830578092371,0.11321280556056428,0.27049998770656924,0.15183071636255568,0.17658449711198962,0.03308149018759166,0.038748327700372946,0.05254307245243507,0.5877551164012791
08166140,0.3261458449616581,0.000841194071538496,0.060356417664520046,0.26499246227398704,0.05440547855976377,0.0769601729559035,0.11707975073364134,0.07770044271234947,0.15410257812492847,0.03686709328780798,0.047207717448611734,0.08796845610030991
08252500,1.9296370708580943,1.5681055592521849,0.1712340134569582,0.1903606367293928,0.0,0.13212094700735863,1.1889596678350354,0.6085564560157004,0.7849098182713523,0.6498515938495243,0.38709769664714644,0.10777796209007136
08316000,2.9911807440234837,1.4260236757032863,1.093046354757763,0.4722395861081996,1.206439438062446,0.7747450678445887,0.29716892533311645,0.7128273127833328,2.163226202013106,0.6224301464880961,0.12217717997585226,0.08334721554642968
08380500,0.5006940685470038,0.0018765957796024269,0.0601911284399282,0.43866741616549443,0.07690164955089268,0.16066822793212096,0.15894172011678556,0.10418247094720469,0.14230057588139947,0.09761078408714842,0.07071356574777517,0.19006914283068085
08385630,5.551272950268516,3.9867432295998073,0.12272133219163876,1.4420017790482291,1.1320032965814488,1.212533854421915,1.5990416368320162,1.607694162433137,1.9007662597987198,1.3414342098504233,1.3841417232472943,0.9249307573720796
09034250,2.7604122325484695,0.10229219666248425,1.7719290655311835,0.8864098357344543,0.7609023402151849,1.3626704818194952,0.46983807629726504,0.16700133421652424,0.7921655468491426,0.7044774498280362,0.6546859163974061,0.6090833194738845
09057500,0.881643123206737,0.08660241072379687,0.04684775551148253,0.7482584193602996,0.02990047210618167,0.43885575908929464,0.33860173931556337,0.07428515269569748,0.6584217119895223,0.07978654383087226,0.06413298750906556,0.07930187987727706
09166500,1.617572353702963,1.0993081266103493,0.1816987825870288,0.33660811755845377,0.10637501598392049,0.5755941697006338,0.6398954612860148,0.2957077067323935,0.07530088323167951,0.2079504642790803,0.4907500172467935,0.8435709889454092
09209400,0.5480066298093463,0.2993556423223599,0.053738024828498925,0.1949334361856581,0.04110230021033631,0.1845366024938893,0.14057319989945483,0.18179452720566588,0.09838596864949453,0.14194724352052718,0.18676641149287462,0.12090700614644995
09277500,1.1724055970752953,0.8327673645182648,0.0659860626230219,0.2736801352063477,0.07895021754866086,0.3147753744391509,0.5327817244185086,0.24589828066897504,0.42286351048045,0.21500303989656405,0.25052537587165347,0.2840136708266277
09306200,3.514859477423101,2.714314782899305,0.07894727996067419,0.7216650452714531,0.3984836114979413,1.1118912713640912,1.2158703432855185,0.7886142512755502,1.8466536110561012,0.8330513956878175,0.5526077009727738,0.2825467697064088
09312600,0.972747939051117,0.0376600884809277,0.11449214534694968,0.8206726988708781,0.23344559829651224,0.4571168501304827,0.16453491739830037,0.11765057322582166,0.2019789851961544,0.20076819992330072,0.27313371170246675,0.296867042229195
09503700,8.113033446010025,5.022303211835633,2.73718572177863,0.35379899821166827,1.9100696990376385,1.936064590430704,1.9082483324114992,2.358650824130183,2.486785554038853,2.340927138277808,1.8491120695113128,1.436208684182052
09504000,10.67556398769638,8.267773562343553,1.9799959492448245,0.42799887257874736,2.461541296208616,2.571515393003418,2.5815043691768227,3.061002929307523,3.499913545474155,2.898537752238994,2.717515077897197,1.5595976120860344
10215900,1.5846123915029064,0.4018918083225168,0.5119705314146017,0.6708474350991085,0.5669575992288743,0.4785313684656583,0.23799123146975745,0.3011321923386162,0.6690758821605647,0.4257763211174675,0.14558644837051368,0.3441737398543605
10301600,2.7430501700551755,0.7733488838781751,1.650242828944698,0.3196972378464582,0.5849592302597245,0.3552031577647552,0.6693868342563195,1.133500947774376,1.9415297947604873,0.3587156126973481,0.11841586377619115,0.32438889882114896
10309000,1.3572667253348443,0.8476471289431141,0.023605556629042405,0.48605600103040214,0.40179983042563483,0.6598690870082159,0.1849675816924737,0.11063022620851971,0.17358529350186913,0.21519203618220262,0.358945717685247,0.6095436779655254
10336660,1.6974635386069754,0.8833908480038234,0.2041974092029555,0.609942310851873,0.41094077485485436,0.6607165098677995,0.3844855315501729,0.24132072233414914,0.19824009878826646,0.2798018763278035,0.3378622430430294,0.8815593204478764
11027000,0.5776405461759065,0.04864915904974132,0.1837528988410407,0.3453567250725912,0.2499810311549361,0.26042114960903895,0.031103659646127282,0.036134705765804215,0.040206676740142354,0.0030402446958552806,0.008373472107065303,0.5260201526328436
11092450,8.042335499641512,6.105846157573147,1.6002515139675029,0.3366098721627393,1.842178139066992,1.3796776747143968,2.1867661644333674,2.6337135214267553,3.2854321527087356,2.0084737391789993,1.6141734230974254,1.1342561846563517
11135800,2.30518589128263,0.6483148287499604,1.5425387482517863,0.11452742392084225,0.9074487173001949,1.257185906174535,0.1340609917792708,0.00649027602862906,0.4750734678975713,0.5977877893381122,0.8563417271460044,0.3759829069009419
11149900,3.213271983830585,0.08429382136681166,0.44287529620701743,2.686360501346296,1.3657173302838936,1.030511682655602,0.44837160999029985,0.36867136090078967,0.5043454241490765,0.4450291008477403,1.3605582710425714,0.903339187791197
11162570,0.8508767704122262,0.006840073129803382,0.06774360533160804,0.7763858126689606,0.26885652970265905,0.14713918762832406,0.17919939975367477,0.2556816533275682,0.22392544842935386,0.14690608370161892,0.3017405840017746,0.17830465427947875
11169500,1.2937764710963229,0.5402192397998626,0.2676261840035461,0.4859930991070852,0.37157190090293474,0.4596933827858176,0.23351832084141452,0.2289928665661559,0.03396550831300135,0.20251078223335595,0.517650257225588,0.5396499233243774
11447360,2.453122931907383,0.5150501815038906,0.34249303525842273,1.5958316419292116,0.8267347908382721,1.0410242138100565,0.2921157087165847,0.2932482185424696,0.55227676894931,0.791675782573118,0.496427187476605,0.6127431929083499
11456000,0.7231849314776071,0.013962231959202567,0.09377560990375011,0.6155156267908739,0.24225040502581646,0.10394271118215459,0.11658662337117699,0.26040519189845907,0.09443758187734733,0.3146175954927934,0.222430336365331,0.09169941774213548
11467000,0.8837248563579714,0.029901737633445807,0.36533515506158537,0.4885582661016988,0.20269507466452133,0.08586593988825535,0.10050853861540433,0.49465530318979034,0.32096776384272185,0.3183281729526792,0.19427054782630215,0.05015837173626815
12020800,0.491971997891108,0.00017446420549152054,0.01907629348146408,0.47285069467471985,0.16827192086249323,0.07154747104405082,0.0,0.252152605984564,0.19848762785391114,0.08469289839934639,0.11243883647015908,0.09635263516769145
12060500,0.14782801412104124,0.0021950846112079466,0.0179586677330855,0.12769217921394144,0.032238919393694644,0.028189316813580976,0.029219296966624453,0.05818048094714117,0.04954797234487467,0.026694707596296472,0.026359412725403215,0.04522592145446689
12079000,0.2433801697403979,0.012514852553487346,0.023942240274797306,0.20694384938981591,0.028791244916781825,0.029034860121537876,0.05784785032923026,0.12770621437284796,0.08833241936969072,0.0901532233039271,0.034983025370698945,0.029911501696081165
12113347,1.6357897748913919,0.9913226464879535,0.39963350539441694,0.24491140084252344,0.5527166825796365,0.598045576126059,0.25929687744917007,0.22573063873652627,0.19357825655215832,0.5012662029823078,0.5923606752184218,0.3485846401385038
12120600,0.4254216558994599,0.023941436382484742,0.2719756885362426,0.12954211220506245,0.08064157036768783,0.044015859840472946,0.0888766186530154,0.2118876070382837,0.20921346138191543,0.10468770935696248,0.07480383042818313,0.03671665473239883
12178100,0.22668103989849933,0.008277335764593075,0.02241501405253676,0.19600667309529568,0.05593378284125559,0.05601160915345418,0.038558092499651885,0.07617755540413763,0.08633551239264324,0.035427517487123125,0.045606654514081205,0.05931135550465171
12332000,0.17630051920783935,0.007401748141539583,0.030596187713536675,0.13831666529132125,0.03511884718150254,0.06510816009989132,0.039042598196571764,0.037030913729873736,0.043074253520840135,0.02786011042434115,0.03254713458430234,0.07281902067835573
12340500,0.7239025336692968,0.5516446095992141,0.011812973298445268,0.1604591342153648,0.07959248905319376,0.07492824153837296,0.34589462280682814,0.22348718027090186,0.23731360774513624,0.1662134995779999,0.19049626166143607,0.12987916468472457
12362500,2.0435476434751645,0.006615785497651815,0.2976350381478443,1.7394645375619018,0.3917145209658769,0.8117547377167832,0.6364021231962839,0.20367626159622063,1.2194884381331057,0.101760120183609,0.21684260932892266,0.5054564758295272
12374250,0.5066642812329921,0.0731508572670747,0.08633139518740511,0.3472177235849319,0.12033413311863654,0.17168454978090716,0.07469058629490881,0.1399550120385396,0.17742083425338662,0.09926604629452652,0.07391582216435073,0.15606157852072824
12395000,0.7146903829178151,0.24440358774792786,0.024213459711912574,0.4461120581253414,0.1934296433244475,0.06449637251736208,0.07686548252354748,0.37989888455245796,0.07798407446509503,0.19152863417985144,0.29883044929863084,0.14634722497423774
12413500,0.1801762140863622,0.007795637528725831,0.01872471441798214,0.15367146360372863,0.06125054378078726,0.03554161920059835,0.04652358074610147,0.03686047035887513,0.03956192208036015,0.04937160062077937,0.05055875317278384,0.040683938212438854
12448000,0.4130681619197893,0.0019742260937788583,0.11869250175597902,0.29244600676176147,0.1470938585960015,0.12582625132140596,0.06000292699395015,0.08014512500843167,0.15033351414388663,0.11271318984587961,0.09473823071269619,0.0552832272173268
12452800,0.3569909923872817,0.007512378015530621,0.07528785034610873,0.27421953953938233,0.11276709851052144,0.11799928856914793,0.047120544721039194,0.07910406058657309,0.0885560941794553,0.10886154227149304,0.11616513843082812,0.04340821750550524
12456500,0.2642479275938721,0.014546074539332855,0.03019062558187997,0.21953789932194942,0.09459874842659649,0.07842979487446179,0.0609925845050938,0.03022679978772002,0.06642715898644189,0.060920000437378774,0.06922312005417303,0.0676776481158784
13050500,0.2854832228633394,0.0881644398663306,0.029997654415954613,0.1673373754960807,0.01139584516554442,0.06914961245223006,0.15627959910696632,0.0486581661385986,0.11435622263922632,0.04364383362651083,0.04424143099490974,0.08324173560269252
13246000,0.7542162721951864,0.11800912324525288,0.06260165455820652,0.5736578786773547,0.14294104861115284,0.27374293330564264,0.12175455741110659,0.21577773286728436,0.23540604579608068,0.2651310027149317,0.12661439294166185,0.12706483074251215
13310199,0.14911140261996106,0.07408634124338478,0.003687010119196333,0.07134689125518565,0.031243452148068927,0.03249629190789648,0.03288727362757391,0.05248438493642176,0.0426412231371461,0.034766045106633905,0.04349646459429247,0.0282076697818886
14034500,3.1199801333989807,2.1405089917300844,0.7349661234929206,0.2445856662732725,0.7629026300747246,0.3713376726368026,0.862372783009542,1.1233670476779114,1.6556245331913293,1.0334851070074955,0.3483407191771543,0.08252977402300124
14189000,0.36418549510539433,0.007579651045527766,0.11714587893862628,0.2394893274797466,0.044201442300436815,0.045969991117609896,0.04690632318632851,0.22710773850101906,0.0872157241422294,0.19794912891183555,0.05107255803101422,0.027948084020315036
14219800,0.5916765768899188,0.10543164308689866,0.08957015885517929,0.39671605210690736,0.08078891332763219,0.06622505948334372,0.20495882249727357,0.23970378158166938,0.3129583929209578,0.1705097915788396,0.06040891335658754,0.04779947903353386
14316700,0.39012826229942654,0.011489945919478179,0.04313559802980124,0.3355338948274118,0.047487064210794544,0.061287702670977724,0.07841128168787438,0.20294221372977994,0.13825575169123716,0.14441702626710803,0.05888732984360044,0.04856815449748097
